item,src_count,src_avg,tgt_count,tgt_avg,t,p
‘å˜a”TŽR‘¯,12631,513.9502810545483,5175,425.72792270531403,11.116207578887947,1.4251426054359368e-28
